Word,Meaning,Frequency
note, a brief written record,22.96
board,a stout length of sawn timber,37.28
claim,assert or affirm strongly,39.3
opportune,suitable or advantageous especially for a particular purpose,53.22
weary,physically and mentally fatigued,84.74
strain,exert much effort or energy,91.76
ally,a friendly nation,95.16
extent,the point or degree to which something extends,102.55
obvious,easily perceived by the senses or grasped by the mind,107.14
prompt,according to schedule or without delay,107.19
pitch,the high or low quality of a sound,109.75
expend,use up or consume fully,113.07
swift,moving very fast,113.61
desperate,a person who is frightened and in need of help,113.72
manifest,clearly revealed to the mind or the senses or judgment,126.01
confine,place limits on,129.54
notion,a general inclusive concept,132.58
neglect,leave undone or leave out,133.75
induce,cause to act in a specified manner,135.46
startle,surprise greatly,138.49
embrace,"squeeze tightly in your arms, usually with fondness",142.01
precious,of high worth or cost,142.16
vigor,forceful exertion,148.43
presume,take to be the case or to be true,151.7
profound,situated at or extending to great depth,155.59
prudent,marked by sound judgment,156.83
stiff,incapable of or resistant to bending,158.1
plead,appeal or request earnestly,160.48
spell,write or name the letters that comprise the accepted form of,164.05
indulge,yield to; give satisfaction to,165.7
subsequent,following in time or order,166.66
absurd,inconsistent with reason or logic or common sense,167.48
strive,attempt by employing effort,173.32
peer,look searchingly,174.63
contend,compete for something,175.36
stake,a strong wooden or metal post driven into the ground,177.94
agitate,move or cause to move back and forth,179.5
pine,a coniferous tree,180.03
obscure,not clearly understood or expressed,180.91
flatter,praise somewhat dishonestly,189.19
steep,having a sharp inclination,197.17
console,give moral or emotional strength to,198.11
jest,activity characterized by good humor,200.26
extensive,large in spatial extent or range or scope or quantity,208.38
deprive,take away,212.91
concede,give over,221.47
conspire,act in agreement and in secret towards a deceitful purpose,223.5
proposition,a suggestion offered for acceptance or rejection,224.39
discourse,an extended communication dealing with some particular topic,230.46
endeavor,attempt by employing effort,232.12
disguise,any attire that conceals the wearer's identity,237.02
decree,a legally binding command or decision,237.13
sway,move back and forth,241.97
harbor,a sheltered port where ships can take on or discharge cargo,242.93
literal,limited to the explicit meaning of a word or text,245.49
substantial,real; having a material or factual existence,248.39
stoop,bend one's back forward from the waist on down,250.36
frown,a facial expression of dislike or displeasure,250.86
sober,"not affected by a chemical substance, especially alcohol",251.02
vanity,feelings of excessive pride,254.18
petition,a formal request that something be submitted to an authority,256.57
ingenious,showing inventiveness and skill,265.98
quiver,"shake with fast, tremulous movements",269.85
defiant,boldly resisting authority or an opposing force,275.33
perplex,be a mystery or bewildering to,275.45
torment,intense feelings of suffering; acute mental or physical pain,280.21
vex,"disturb, especially by minor irritations",282.28
gravity,the force of attraction between all masses in the universe,287.13
conspicuous,obvious to the eye or mind,288.02
subdue,put down by force or intimidation,288.36
redeem,exchange or buy back for money; under threat,295.81
indignant,angered at something unjust or wrong,299.85
recede,pull back or move away or backward,303.3
enchant,cast a spell over someone or something,304
pluck,pull lightly but sharply,305.77
apprehension,fearful expectation or anticipation,307.45
extravagant,recklessly wasteful,307.84
venerate,regard with feelings of respect and reverence,313.53
prolong,lengthen in time; cause to be or last longer,315.1
guarded,cautious and reserved,320.62
distract,draw someone's attention away from something,321.78
reckless,marked by defiant disregard for danger or consequences,323.8
exploit,use or manipulate to one's advantage,324
formidable,extremely impressive in strength or excellence,331.69
fraud,intentional deception resulting in injury to another person,332.18
forge,create by hammering,334.37
linen,a fabric woven with fibers from the flax plant,337.85
avert,turn away or aside,338.63
confound,be confusing or perplexing to,345.39
charter,a document creating an institution and specifying its rights,348.36
intrigue,a crafty and involved plot to achieve your ends,353.08
defer,yield to another's wish or opinion,356.24
diligent,quietly and steadily persevering in detail or exactness,359.13
brood,"hang over, as of something threatening, dark, or menacing",359.24
traitor,a person who says one thing and does another,359.61
dazzle,"cause to lose clear vision, especially from intense light",363.08
brisk,quick and energetic,365.27
cower,crouch or curl up,367.76
breach,"an opening, especially a gap in a dike or fortification",376.11
latitude,an imaginary line around the Earth parallel to the equator,382.4
denounce,speak out against,386.65
attentive,taking heed,390.86
benevolent,showing or motivated by sympathy and understanding,395.65
conjecture,believe especially on uncertain or tentative grounds,399.33
eloquence,powerful and effective language,404.2
stray,wander from a direct course or at random,404.69
shrill,having or emitting a high-pitched and sharp tone or tones,406.16
falter,"move hesitatingly, as if about to give way",411.56
mend,restore by putting together what is torn or broken,416.03
shatter,break into many pieces,416.91
disdain,lack of respect accompanied by a feeling of intense dislike,426.22
remorse,"a feeling of deep regret, usually for some misdeed",427.86
dissent,a difference of opinion,428.68
loom,a textile machine for weaving yarn into a textile,428.96
enlist,join the military,431.94
rash,imprudently incurring risk,435.74
propriety,correct behavior,440.15
plea,a humble request for help from someone in authority,441.89
crave,have an appetite or great desire for,442.23
concession,the act of yielding,443.22
perch,an elevated place serving as a seat,443.77
grumble,make complaining remarks or noises under one's breath,450.73
fathom,a linear unit of measurement for water depth,450.92
proclamation,a formal public statement,458.51
defiance,a hostile challenge,458.9
levy,impose and collect,459.4
assess,"estimate the nature, quality, ability or significance of",460.86
mirth,great merriment,467.15
fret,be agitated or irritated,470.9
prodigy,an unusually gifted or intelligent person,474.57
ascribe,attribute or credit to,474.76
vicious,having the nature of evildoing,476.97
venerable,profoundly honored,480.14
precipice,a very steep cliff,481.36
confidential,given in secret,487.69
blunder,an embarrassing mistake,492.06
cavern,a large cave or a large chamber in a cave,494.31
waver,pause or hold back in uncertainty or unwillingness,500.84
precipitate,bring about abruptly,506.9
slack,not tense or taut,510.98
limp,walk impeded by some physical injury,518.55
lavish,very generous,520.74
censure,harsh criticism or disapproval,525.25
discreet,marked by prudence or modesty and wise self-restraint,530.94
trample,tread or stomp heavily or roughly,531.58
condescend,behave in a patronizing manner,536.56
withhold,hold back; refuse to hand over or share,541.26
valiant,having or showing heroism or courage,543.99
corporal,affecting the body as opposed to the mind or spirit,546
gorge,"a deep ravine, usually with a river running through it",548.11
premise,a statement that is held to be true,548.95
gravel,rock fragments and pebbles,549.03
subside,wear off or die down,551.97
adverse,in an opposing direction,552.27
caprice,a sudden desire,552.3
clumsy,lacking grace in movement or posture,556.21
insensible,barely able to be perceived,557.44
uphold,"stand up for; stick up for; of causes, principles, or ideals",563.21
pertinent,being of striking appropriateness,565.95
fervent,characterized by intense emotion,570.58
aspiration,a cherished desire,577.86
indict,accuse formally of a crime,581.6
austere,of a stern or strict bearing or demeanor,583.49
invoke,request earnestly; ask for aid or protection,589.23
ghastly,shockingly repellent; inspiring horror,590.23
exhort,spur on or encourage especially by cheers and shouts,595.38
lumber,the wood of trees prepared for use as building material,602.31
wary,marked by keen caution and watchful prudence,603.41
treacherous,dangerously unstable and unpredictable,603.78
conjure,summon into action or bring into existence,604.12
affliction,a cause of great suffering and distress,605.82
endorse,approve of,611.5
judicious,marked by the exercise of common sense in practical matters,616.69
detached,no longer connected or joined,618
placid,calm and free from disturbance,623.66
ominous,threatening or foreshadowing evil or tragic developments,624.02
spine,the series of vertebrae forming the backbone,627.09
contingent,determined by conditions or circumstances that follow,629.42
impudent,improperly forward or bold,630.69
concur,happen simultaneously,633.05
impetuous,characterized by undue haste and lack of thought,633.22
articulate,express or state clearly,638.26
ordinance,an authoritative rule,642.34
annex,attach to,642.52
pervade,spread or diffuse through,643.46
impede,be a hindrance or obstacle to,644.79
censor,a person authorized to suppress unacceptable material,647.54
presumption,a premise that is taken for granted,650.66
foster,providing nurture though not related by blood or legal ties,651.31
prodigious,"great in size, force, extent, or degree",652.09
admonish,scold or reprimand; take to task,652.7
acquiesce,agree or express agreement,656.06
complacent,contented to a fault with oneself or one's actions,656.28
steadfast,marked by firm determination or resolution; not shakable,657.34
usurp,seize and take control without authority,658.69
oblivion,the state of being disregarded or forgotten,666.43
allegiance,the act of binding yourself to a course of action,667.14
pan,shallow container made of metal,669.97
atone,turn away from sin or do penitence,671.33
smother,deprive of oxygen and prevent from breathing,680.62
susceptible,yielding readily to or capable of,684.75
vulnerable,capable of being wounded or hurt,685.27
shun,avoid and stay away from deliberately,687.41
odium,hate coupled with disgust,688.53
deference,courteous regard for people's feelings,698.55
intricate,having many complexly arranged elements; elaborate,709.38
meddle,intrude in other people's affairs or business,710.49
approbation,official acceptance or agreement,715.29
vindicate,show to be right by providing justification or proof,719.37
posture,the arrangement of the body and its limbs,719.59
uproar,a state of commotion and noise and confusion,719.63
luminous,softly bright or radiant,721.03
sinister,"wicked, evil, or dishonorable",721.6
explicit,precisely and clearly expressed or readily observable,723.89
temperate,not extreme,725.18
rigor,excessive sternness,726.69
insinuate,suggest in an indirect or covert way; give to understand,733.16
feign,make believe with the intent to deceive,739.2
flirt,"talk or behave amorously, without serious intentions",745.05
truce,a state of peace agreed to between opponents,748.58
imperative,requiring attention or action,750.24
impair,make worse or less effective,757.48
hamper,prevent the progress or free movement of,768.74
curb,the act of restraining power or action or limiting excess,769.09
frivolous,"not serious in content, attitude, or behavior",783.58
deter,turn away from as by fear or persuasion,783.84
transgress,"act in disregard of laws, rules, contracts, or promises",795.1
augment,enlarge or increase,803.56
lull,make calm or still,806.84
allegation,a formal accusation against somebody,808.27
abyss,a bottomless gulf or pit,814.5
composure,steadiness of mind under stress,814.83
covet,"wish, long, or crave for",816.01
bleak,unpleasantly cold and damp,818.15
heretic,a person whose religious beliefs conflict with church dogma,819.63
controversial,marked by or capable of causing disagreement,823.5
consternation,sudden shock or dismay that causes confusion,824.53
metaphysics,the philosophical study of being and knowing,828.28
stark,severely simple,836.94
frenzy,state of violent mental agitation,840.02
odious,extremely repulsive or unpleasant,840.68
din,"a loud, harsh, or strident noise",842.53
evoke,"call forth, as an emotion, feeling, or response",843.85
prone,having a tendency,844.39
imperious,having or showing arrogant superiority,857.78
overhaul,"make repairs, renovations, revisions or adjustments to",858.65
apparition,a ghostly appearing figure,864.1
lucid,transparently clear; easily understandable,867.39
coherent,marked by an orderly and consistent relation of parts,868.41
stipulate,make an express demand or provision in an agreement,868.79
drought,a shortage of rainfall,879.04
martial,suggesting war or military life,879.82
wile,the use of tricks to deceive someone,883.5
recourse,act of turning to for assistance,889.6
ludicrous,inviting ridicule,910.39
infuse,"fill, as with a certain quality",913.62
conceit,the trait of being unduly vain,915.45
dubious,fraught with uncertainty or doubt,922.8
feud,a bitter quarrel between two parties,926.77
dangle,hang freely,938.52
skeptical,marked by or given to doubt,938.74
decorum,propriety in manners and conduct,944.36
tangible,"perceptible by the senses, especially the sense of touch",945.03
cant,a slope in the turn of a road or track,952.64
covert,secret or hidden,963.56
avarice,reprehensible acquisitiveness; insatiable desire for wealth,965.84
jeer,laugh at with contempt and derision,966
devoid,completely wanting or lacking,972.5
mitigate,lessen or to try to lessen the seriousness or extent of,975.63
wardrobe,a piece of furniture that provides storage space for clothes,976.92
arbitrate,act between parties with a view to reconciling differences,1000.35
deft,skillful in physical movements; especially of the hands,1008.53
consign,give over to another for care or safekeeping,1010.16
dispel,cause to separate and go in different directions,1012.41
disinterested,unaffected by concern for one's own welfare,1012.75
epithet,descriptive word or phrase,1013.71
supplicate,"ask for humbly or earnestly, as in prayer",1016.4
deluge,a heavy rain,1018.94
plaintive,expressing sorrow,1021.31
tapestry,a wall hanging of heavy fabric with pictorial designs,1023.79
furtive,secret and sly,1024.67
obliterate,remove completely from recognition or memory,1027.87
bog,wet spongy ground of decomposing vegetation,1032.62
vigilance,the process of paying close and continuous attention,1037.51
veritable,not counterfeit or copied,1037.87
dwindle,become smaller or lose substance,1038.69
succumb,"give in, as to overwhelming force, influence, or pressure",1048.35
prerogative,a right reserved exclusively by a person or group,1055.64
sordid,foul and run-down and repulsive,1060.55
wan,"pale, as of a person's complexion",1061.12
fawn,a young deer,1071.59
perpetuate,cause to continue or prevail,1073.34
drone,make a monotonous low dull sound,1075.48
ambiguous,having more than one possible meaning,1082.56
parasite,an animal or plant that lives in or on a host,1084.64
tout,advertise in strongly positive terms,1089.53
commentator,an expert who observes and remarks on something,1095.58
oblique,slanting or inclined in direction or course or position,1110.69
encroach,advance beyond the usual limit,1111
ascetic,someone who practices self denial as a spiritual discipline,1113.62
prodigal,recklessly wasteful,1115.08
ensign,a person who holds a commissioned rank in the U.S. Navy,1119.51
recompense,make payment to,1123.65
improvise,manage in a makeshift way; do with whatever is at hand,1124.19
enigma,something that baffles understanding and cannot be explained,1126.43
flinch,"draw back, as with fear or pain",1128.37
placate,cause to be more favorably inclined,1133.44
intact,undamaged in any way,1134.09
whimsical,determined by chance or impulse rather than by necessity,1140.21
pestilence,any epidemic disease with a high death rate,1143.07
dedication,complete and wholehearted fidelity,1148.17
drawl,a slow speech pattern with prolonged vowels,1149.17
overture,orchestral music at the beginning of an opera or musical,1150.29
gird,bind with something round or circular,1153.77
inquisitive,given to questioning,1153.77
precarious,not secure; beset with difficulties,1156.7
peremptory,putting an end to all debate or action,1166.38
ponderous,having great mass and weight and unwieldiness,1169.49
efface,remove by or as if by rubbing or erasing,1189.95
invert,turn inside out or upside down,1191.38
captor,a person who entraps and holds someone else,1206.81
incongruous,lacking in harmony or compatibility or appropriateness,1209.27
arable,capable of being farmed productively,1210.63
fallacy,a misconception resulting from incorrect reasoning,1211.25
vogue,a current state of general acceptance and use,1212.62
mercenary,a person hired to fight for another country than their own,1213.86
coerce,cause to do through pressure or necessity,1217.23
discomfit,cause to lose one's composure,1223.52
obtrude,push to thrust outward,1230.26
lizard,relatively long-bodied reptile with legs and a tapering tail,1242.13
audacious,disposed to venture or take risks,1243.31
arduous,characterized by effort to the point of exhaustion,1245.79
profuse,produced or growing in extreme abundance,1245.92
reciprocal,concerning each of two or more persons or things,1250.4
tremor,"an involuntary vibration, as if from illness or fear",1250.66
stint,supply sparingly and with restricted quantities,1251.19
provocation,a means of arousing or stirring to action,1258.11
embellish,"make more attractive, as by adding ornament or color",1259.18
affable,diffusing warmth and friendliness,1259.98
tentative,hesitant or lacking confidence; unsettled in mind or opinion,1267.67
stifled,held in check with difficulty,1276.56
pillage,steal goods; take as spoils,1283.34
varnish,"a coating that provides a hard, lustrous finish to a surface",1301.83
vehemence,intensity or forcefulness of expression,1301.83
obsolete,no longer in use,1314.26
ingenuous,lacking in sophistication or worldliness,1314.69
corroborate,give evidence for,1334.41
lucrative,producing a sizeable profit,1338.78
vindictive,disposed to seek revenge or intended for revenge,1342.12
bolster,support and strengthen,1343.19
gaudy,tastelessly showy,1343.95
prune,"cultivate, tend, and cut back the growth of",1344.87
ostensible,appearing as such but not necessarily so,1349.62
omnipotent,having unlimited power,1353.17
protracted,relatively long in duration,1357.98
stigma,a symbol of disgrace or infamy,1360.48
pedant,a person who is preoccupied with rules and learning,1363.14
craven,lacking even the rudiments of courage; abjectly fearful,1366.6
plumb,exactly vertical,1369.61
droll,comical in an odd or whimsical manner,1373.1
plod,"walk heavily and firmly, as when weary, or through mud",1373.42
reticent,reluctant to draw attention to yourself,1374.54
benign,kind in disposition or manner,1374.86
affluent,having an abundant supply of money or possessions of value,1375.66
propensity,a natural inclination,1375.98
topple,"fall down, as if collapsing",1379.35
dupe,fool or hoax,1382.41
pernicious,exceedingly harmful,1385.81
espouse,"choose and follow a theory, idea, policy, etc.",1387.1
intrepid,invulnerable to fear or intimidation,1387.92
consensus,agreement in the judgment reached by a group as a whole,1391.02
jovial,full of or showing high-spirited merriment,1391.67
denunciation,a public act of condemnation,1394.95
engrossed,giving or marked by complete attention to,1397.59
extant,still in existence; not extinct or destroyed or lost,1398.25
elicit,"call forth, as an emotion, feeling, or response",1399.24
guile,shrewdness as demonstrated by being skilled in deception,1399.9
perennial,lasting an indefinitely long time,1411.25
tacit,implied by or inferred from actions or statements,1418.35
mediocre,moderate to inferior in quality,1424.33
jeopardy,a source of danger,1434.34
plaintiff,a person who brings an action in a court of law,1441.68
fervor,feelings of great warmth and intensity,1446.43
blithe,carefree and happy and lighthearted,1450.16
docile,easily handled or managed,1452.29
indigenous,originating where it is found,1455.68
mistrust,regard with suspicion,1456.04
exemplify,be characteristic of,1467.96
swindle,(offensive) deprive of by deceit,1473.44
harangue,a loud bombastic declamation expressed with strong emotion,1483.79
eradicate,"destroy completely, as if down to the roots",1489.95
sate,fill to contentment,1490.7
cessation,a stopping,1491.27
practitioner,someone who carries out a learned profession,1497.68
illicit,contrary to accepted morality or convention,1499.96
obese,excessively large,1501.1
impunity,exemption from punishment or loss,1502.06
pedestrian,a person who travels by foot,1502.06
flounder,"move clumsily or struggle to move, as in mud or water",1508.57
malign,speak unfavorably about,1509.72
ostentatious,intended to attract notice and impress others,1511.46
averse,strongly opposed,1513.19
nausea,the state that precedes vomiting,1516.3
epistle,"a specially long, formal letter",1524.7
alacrity,liveliness and eagerness,1532
impediment,something immaterial that interferes with action or progress,1539.17
auspicious,indicating favorable circumstances and good luck,1544.19
precipitous,extremely steep,1544.6
divest,take away possessions from someone,1545.81
conscript,enroll into service compulsorily,1547.22
espy,catch sight of,1551.28
strut,"walk in a proud, confident way",1551.48
bizarre,conspicuously or grossly unconventional or unusual,1553.31
occult,supernatural forces and events and beings collectively,1553.92
inundate,"fill or cover completely, usually with water",1555.56
diffident,showing modest reserve,1563.78
supplant,take the place or move into the position of,1568.96
forgery,criminal falsification by making or altering an instrument,1569.17
conflagration,a very intense and uncontrolled fire,1570.84
implacable,incapable of being appeased or pacified,1576.7
hapless,unfortunate and deserving pity,1580.91
deposition,the act of putting something somewhere,1585.36
perfidy,an act of deliberate betrayal,1587.48
doleful,filled with or evoking sadness,1590.9
pique,"call forth, as an emotion, feeling, or response",1591.54
squander,spend thoughtlessly; throw away,1592.83
elusive,skillful at evading capture,1593.04
fickle,liable to sudden unpredictable change,1596.05
profligate,unrestrained by convention or morality,1599.72
leash,restraint consisting of a rope used to restrain an animal,1606.67
encumber,"hold back, impede, or weigh down",1607.32
goad,stab or urge on as if with a pointed stick,1610.82
petulant,easily irritated or annoyed,1613.24
balk,refuse to proceed or comply,1622.08
engender,call forth,1631.25
expiate,make amends for,1633.95
exigent,demanding immediate attention,1652.43
banter,light teasing repartee,1652.9
delineate,represented accurately or precisely,1657.53
moat,ditch dug as a fortification and usually filled with water,1660.55
quack,the sound made by a duck,1664.99
extol,"praise, glorify, or honor",1676.31
fidget,move restlessly,1685.38
antipathy,a feeling of intense dislike,1698.93
emissary,someone sent to represent another's interests,1708.25
pathology,the branch of medical science that studies diseases,1717.92
obnoxious,causing disapproval or protest,1730.23
garner,assemble or get together,1731.75
aptitude,inherent ability,1738.62
preclude,"make impossible, especially beforehand",1742.98
tarnish,"make or become dirty or dull, as by exposure to air",1751.49
foreclosure,proceedings initiated to repossess the collateral for a loan,1756.43
grill,a framework of metal bars used as a partition or a grate,1758.78
appraise,consider in a comprehensive way,1765.87
precedence,status established in order of importance or urgency,1769.3
vagrant,a wanderer with no established residence or means of support,1773.01
obtrusive,sticking out; protruding,1773.54
stockade,fortification consisting of a fence set firmly for defense,1780.75
confrontation,discord resulting from a clash of ideas or opinions,1787.47
concoct,make something by mixing,1793.16
burlesque,a theatrical entertainment of broad and earthy humor,1800.8
impassive,having or revealing little emotion or sensibility,1805.75
erratic,liable to sudden unpredictable change,1817.12
tamp,press down tightly,1825.25
reinstate,"bring back into original existence, function, or position",1828.07
aver,declare or affirm solemnly and formally as true,1832.6
astute,marked by practical hardheaded intelligence,1835.73
voluptuous,displaying luxury and furnishing gratification to the senses,1836.3
onslaught,an offensive against an enemy,1837.44
leaven,a substance used to produce fermentation in dough,1841.73
zenith,the highest point of something,1862.31
credulity,tendency to believe readily,1875
invigorate,give life or energy to,1878.27
obsession,an unhealthy and compulsive preoccupation with something,1885.16
skiff,a small boat propelled by oars or by sails or by a motor,1888.16
philanthropist,someone who makes charitable donations,1888.77
veracity,unwillingness to tell lies,1890.88
prosaic,lacking wit or imagination,1895.73
descry,catch sight of,1898.77
imbue,spread or diffuse through,1899.99
caustic,capable of destroying or eating away by chemical action,1903.35
reverberate,ring or echo with sound,1907.03
bask,"expose oneself to warmth and light, as for relaxation",1915.06
decorous,characterized by propriety and dignity and good taste,1915.06
imbibe,take in liquids,1915.37
hallucinate,have illusions; perceive what is not actually there,1916.3
ineffable,defying expression or description,1918.47
nocturnal,belonging to or active during the night,1920.03
demur,politely refuse or take exception to,1921.9
presumptuous,"going beyond what is appropriate, permitted, or courteous",1923.46
adept,having or showing knowledge and skill and aptitude,1927.85
buttress,a support usually of stone or brick,1929.42
grudging,petty or reluctant in giving or spending,1935.1
pungent,strong and sharp to the sense of taste or smell,1948.81
dormant,inactive but capable of becoming active,1952.35
magnanimity,nobility and generosity of spirit,1953.96
exuberant,joyously unrestrained,1959.14
impregnable,incapable of being attacked or tampered with,1960.11
somber,serious and gloomy in character,1960.76
dislodge,remove or force from a position previously occupied,1965.97
avid,marked by active interest and enthusiasm,1989.44
shirk,avoid one's assigned duties,1998.52
inadvertent,happening by chance or unexpectedly or unintentionally,2010.75
propitiate,make peace with,2029.37
exemplary,worthy of imitation,2064.07
salvage,rescuing a ship or its crew from a shipwreck or a fire,2070.93
drab,a dull greyish to yellowish or light olive brown,2072.02
annotate,add explanatory notes to or supply with critical comments,2080.4
annul,cancel officially,2092.54
opaque,not transmitting or reflecting light or radiant energy,2092.91
coy,affectedly shy especially in a playful or provocative way,2112.72
narcotic,a drug that produces numbness or stupor,2114.23
apprise,inform somebody of something,2120.3
fanatical,marked by excessive enthusiasm for a cause or idea,2134.45
verdant,characterized by abundance of vegetation and green foliage,2144.12
disparate,fundamentally different or distinct in quality or kind,2144.9
dogmatic,pertaining to a code of beliefs accepted as authoritative,2146.07
digress,wander from a direct or straight course,2146.45
morose,showing a brooding ill humor,2157.02
belie,be in contradiction with,2163.33
levee,an embankment built to prevent a river from overflowing,2179.27
forestall,keep from happening or arising; make impossible,2194.23
rampant,occurring or increasing in an unrestrained way,2211.46
flaunt,display proudly,2223.51
divulge,make known to the public information previously kept secret,2227.28
laudable,worthy of high praise,2227.28
lethargy,inactivity; showing an unusual lack of energy,2228.12
pith,spongelike central cylinder of the stems of flowering plants,2250.58
elucidate,make clear and comprehensible,2255.3
nonchalant,marked by casual unconcern or indifference,2269.58
convoke,call together,2276.13
dissemble,behave unnaturally or affectedly,2283.6
invective,abusive language used to express blame or censure,2300.48
brittle,having little elasticity,2303.61
provocative,serving or tending to excite or stimulate,2316.24
epitome,a standard or typical example,2318.51
despicable,morally reprehensible,2319.42
flimsy,a thin strong lightweight translucent paper,2320.33
oscillate,move or swing from side to side regularly,2326.26
squalid,foul and run-down and repulsive,2329.93
conciliatory,making or willing to make concessions,2336.83
felon,someone who has been legally convicted of a crime,2347.5
crease,an angular indentation made by folding,2355.44
hypocritical,professing feelings or virtues one does not have,2358.73
malevolent,wishing or appearing to wish evil to others,2360.14
maverick,someone who exhibits independence in thought and action,2366.75
florid,elaborately or excessively ornamented,2384.89
tenable,based on sound reasoning or evidence,2400.86
taciturn,habitually reserved and uncommunicative,2407.21
amalgamate,bring or combine together or with something else,2430.46
piquant,having an agreeably pungent taste,2432.96
taut,pulled or drawn tight,2434.46
indelible,"not able to be forgotten, removed, or erased",2442
facetious,cleverly amusing in tone,2445.03
spurious,plausible but false,2446.54
immutable,not subject or susceptible to change or variation,2447.56
lustrous,reflecting light,2461.31
efficacious,giving the power to produce an intended result,2469.01
flippant,showing an inappropriate lack of seriousness,2477.8
gloat,dwell on with satisfaction,2484.05
disprove,show to be false,2486.14
obsequious,attempting to win favor from influential people by flattery,2498.74
mosaic,design made of small pieces of colored stone or glass,2523.26
distend,cause to expand as if by internal pressure,2543.33
glib,artfully persuasive in speech,2543.88
clot,a lump of material formed from the content of a liquid,2546.62
pucker,gather something into small wrinkles or folds,2548.27
laconic,brief and to the point,2553.77
insipid,lacking interest or significance or impact,2558.19
impromptu,with little or no preparation or forethought,2582.76
incursion,the act of entering some territory or domain,2607.24
loll,be lazy or idle,2607.82
meager,deficient in amount or quality or extent,2624.6
tantalize,harass with persistent teasing or baiting,2643.96
adulterate,make impure by adding a foreign or inferior substance,2689.04
exorbitant,greatly exceeding bounds of reason or moderation,2706.89
cajole,"influence or urge by gentle urging, caressing, or flattering",2719.33
entrenched,dug in,2724.34
unequivocal,admitting of no doubt or misunderstanding,2727.48
vacillate,be undecided about something,2770.29
conducive,tending to bring about; being partly responsible for,2792.52
obviate,do away with,2798.47
mettle,the courage to carry on,2804.44
ameliorate,make better,2819.82
complaisant,showing a cheerful willingness to do favors for others,2819.82
opus,a musical work that has been created,2829.26
specious,plausible but false,2838.09
recluse,one who lives in solitude,2847.65
boor,a crude uncouth ill-bred person lacking refinement,2850.4
dabble,bob under so as to feed off the bottom of a body of water,2857.29
obtuse,"of an angle, between 90 and 180 degrees",2876.05
vagary,an unexpected and inexplicable change in something,2887.28
incipient,only partly in existence; imperfectly formed,2890.1
obdurate,stubbornly persistent in wrongdoing,2891.51
grovel,show submission or fear,2912.88
refractory,stubbornly resistant to authority or control,2923.68
foment,try to stir up,2929.47
foment,try to stir up,2929.47
assuage,"provide physical relief, as from pain",2941.13
adamant,very hard native crystalline carbon valued as a gem,2942.59
quarantine,isolation to prevent the spread of infectious disease,2944.79
pundit,an expert who publicly gives opinions via mass media,2961.01
predilection,a predisposition in favor of something,2974.41
perfunctory,hasty and without attention to detail; not thorough,2985.67
preamble,"a preliminary introduction, as to a statute or constitution",2990.2
officious,intrusive in a meddling or offensive manner,3001.59
evict,expel or eject without recourse to legal process,3005.4
disparity,inequality or difference in some respect,3012.29
ornate,marked by complexity and richness of detail,3016.9
culpable,deserving blame or censure as being wrong or injurious,3017.67
plummet,drop sharply,3040.95
oligarchy,a political system governed by a few people,3045.64
viable,capable of life or normal growth and development,3048.79
dearth,an insufficient quantity or number,3059.04
qualm,uneasiness about the fitness of an action,3063.79
cognizance,the state or act of having knowledge of,3064.58
imposture,pretending to be another person,3077.34
insignia,a badge worn to show official position,3079.75
lope,run easily,3080.55
trepidation,a feeling of alarm or dread,3083.76
infiltrate,pass through an enemy line in a military conflict,3116.26
dispassionate,unaffected by strong emotion or prejudice,3120.37
flout,treat with contemptuous disregard,3136.1
panegyric,formally expressing praise,3168.87
gainsay,take exception to,3172.27
obituary,a notice of someone's death,3202.33
deprivation,the disadvantage that results from losing something,3207.54
garrulous,full of trivial conversation,3222.4
slur,utter indistinctly,3245.39
precursor,something indicating the approach of something or someone,3257.01
jocular,characterized by jokes and good humor,3268.71
obeisance,bending the head or body in reverence or submission,3279.59
obligatory,required by compulsion or convention,3295.12
overt,open and observable; not secret or hidden,3305.25
untoward,not in keeping with accepted standards of what is proper,3306.18
idiosyncrasy,a behavioral attribute peculiar to an individual,3312.66
fervid,characterized by intense emotion,3325.7
heretical,departing from accepted beliefs or standards,3343.57
impervious,not admitting of passage or capable of being affected,3358.76
perfidious,tending to betray,3367.37
platitude,a trite or obvious remark,3370.24
sporadic,recurring in scattered or unpredictable instances,3373.13
meticulous,marked by precise accordance with details,3383.74
attenuate,"become weaker, in strength, value, or magnitude",3390.54
polemic,"a verbal or written attack, especially of a belief or dogma",3391.51
holster,a sheath for carrying a handgun,3392.48
disburse,"expend, as from a fund",3393.45
penury,a state of extreme poverty or destitution,3397.35
flamboyant,tending to attract attention; marked by ostentatious display,3398.33
mollify,cause to be more favorably inclined,3405.18
mundane,found in the ordinary course of events,3411.07
incorrigible,impervious to correction by punishment,3417.97
foible,a minor weakness or peculiarity in someone's character,3422.92
gist,the central meaning or theme of a speech or literary work,3440.85
baleful,threatening or foreshadowing evil or tragic developments,3466.06
orifice,"an opening, especially one that opens into a bodily cavity",3466.06
contentious,showing an inclination to disagree,3468.09
subpoena,a writ issued to compel the attendance of a witness,3473.18
fluffy,like down or as soft as down,3474.2
dirge,a song or hymn of mourning as a memorial to a dead person,3476.25
amenable,disposed or willing to comply,3480.34
adulate,flatter in an obsequious manner,3484.44
inextricable,incapable of being disentangled or untied,3486.49
enervate,"weaken physically, mentally, or morally",3523.89
wheedle,"influence or urge by gentle urging, caressing, or flattering",3530.21
ranger,an official responsible for managing an area of forest,3559.96
omniscient,"knowing, seeing, or understanding everything",3562.11
untenable,incapable of being defended or justified,3564.25
ephemeral,"anything short-lived, as an insect that lives only for a day",3585.87
insular,relating to or characteristic of or situated on an island,3609.95
eclectic,selecting what seems best of various styles or ideas,3621
obelisk,a stone pillar tapering towards a pyramidal top,3626.56
contrite,feeling or expressing pain or sorrow,3636.59
decry,express strong disapproval of,3637.71
welter,a confused multitude of things,3648.94
voracious,devouring or craving food in great quantities,3652.32
torpor,a state of motor and mental inactivity,3656.83
distraught,deeply agitated especially from emotion,3725.96
savant,a learned person,3731.84
effrontery,audacious behavior that you have no right to,3735.38
hoax,something intended to deceive,3746.03
tepid,moderately warm,3765.11
dampen,lessen in force or effect,3772.32
eschew,avoid and stay away from deliberately,3772.32
quibble,evade the truth of a point by raising irrelevant objections,3779.55
recant,formally reject or disavow a formerly held belief,3779.55
crockery,ceramic dishes used for serving food,3801.42
guileless,innocent and free of deceit,3801.42
rationale,an explanation of the fundamental reasons,3806.32
abstruse,difficult to understand,3861
opulence,wealth as evidenced by sumptuous living,3878.73
spendthrift,someone who spends money freely or wastefully,3892.77
anachronism,locating something at a time when it couldn't have existed,3922.47
redoubtable,inspiring fear,3922.47
anomalous,deviating from the general or common order or type,3932.91
commensurate,corresponding in size or degree or extent,4000.77
adulation,exaggerated flattery or praise,4008.9
torpid,in a condition of biological rest or suspended animation,4014.35
quaff,swallow hurriedly or greedily or in one draught,4019.81
ramification,"a consequence, especially one that causes complications",4023.91
libertine,unrestrained by convention or morality,4026.65
fluke,a stroke of luck,4030.77
irate,feeling or showing extreme anger,4040.41
tirade,a speech of violent denunciation,4082.25
egregious,conspicuously and outrageously bad or reprehensible,4086.49
irascible,quickly aroused to anger,4097.81
cogent,powerfully persuasive,4099.24
sedulous,marked by care and persistent effort,4112.06
aggrandize,"embellish; increase the scope, power, or importance of",4161.26
inflammable,easily ignited,4161.26
evanescent,short-lived; tending to vanish or disappear,4171.54
asperity,harshness of manner,4217.66
leviathan,the largest or most massive thing of its kind,4226.71
bombast,pompous or pretentious talk or writing,4229.73
circumspect,careful to consider potential consequences and avoid risk,4243.39
pristine,immaculately clean and unused,4267.9
inimical,tending to obstruct or cause harm,4274.07
paragon,a perfect embodiment of a concept,4289.57
gouge,"an impression in a surface, as made by a blow",4355.94
exonerate,pronounce not guilty of criminal charges,4359.15
lugubrious,excessively mournful,4370.43
oratorio,a musical composition for voices and orchestra,4370.43
ogle,"stare or look at, especially with amorous intentions",4402.98
probity,complete and confirmed integrity,4406.26
putrefy,decay with an offensive smell,4412.84
fledgling,young bird that has just become capable of flying,4439.34
bogus,fraudulent; having a misleading appearance,4444.35
incidence,the relative frequency of occurrence of something,4478.01
banal,repeated too often; overfamiliar through overuse,4510.47
rescind,cancel officially,4513.91
debilitate,make weak,4541.65
pedantry,an ostentatious and inappropriate display of learning,4545.14
omnipresent,existing everywhere at once,4555.65
odorous,having a characteristic aroma,4562.68
fallacious,containing or based on incorrect reasoning,4607.12
esoteric,understandable only by an enlightened inner circle,4614.31
foolhardy,marked by defiant disregard for danger or consequences,4634.21
nondescript,lacking distinct or individual characteristics,4650.61
gregarious,temperamentally seeking and enjoying the company of others,4693.06
inured,made tough by habitual exposure,4702.4
opprobrium,a state of extreme dishonor,4709.89
forthright,directly and without evasion; not roundabout,4784.21
encomium,a formal expression of praise,4788.08
antiseptic,thoroughly clean and free of disease-causing organisms,4813.42
nefarious,extremely wicked,4815.38
orientation,the act of determining one's position,4819.31
phlegmatic,showing little emotion,4823.24
fortuitous,lucky; occurring by happy chance,4825.21
abeyance,temporary cessation or suspension,4862.91
exacerbate,make worse,4905.28
orthography,representing the sounds of a language by written symbols,4905.28
overwrought,deeply agitated especially from emotion,4981.75
onerous,burdensome or difficult to endure,5030.49
burgeon,grow and flourish,5041.22
gossamer,a gauze fabric with an extremely fine texture,5054.15
simper,"smile in an insincere, unnatural, or coy way",5126.46
iniquitous,characterized by injustice or wickedness,5128.68
prodigality,the trait of spending extravagantly,5146.54
inept,generally incompetent and ineffectual,5164.53
hyperbole,extravagant exaggeration,5166.78
aqueous,similar to or containing or dissolved in water,5247.03
vilify,spread negative information about,5277.48
atrophy,a decrease in size of an organ caused by disease or disuse,5334.62
innocuous,not injurious to physical or mental health,5337.03
stigmatize,condemn or openly brand as disgraceful,5378.3
trenchant,having keenness and forcefulness and penetration in thought,5400.41
debacle,a sudden and complete disaster,5420.22
opiate,a narcotic drug,5422.7
petulance,an irritable feeling,5457.75
lasso,a long noosed rope used to catch animals,5467.84
penchant,a strong liking or preference,5485.6
pugnacious,ready and able to resort to force or violence,5493.24
vituperate,spread negative information about,5506.04
ornithology,the branch of zoology that studies birds,5547.37
collusion,secret agreement,5727.41
mace,a ceremonial staff carried as a symbol of office,5755.29
blandishment,flattery intended to persuade,5811.87
noisome,causing or able to cause nausea,5823.32
loquacious,full of trivial conversation,5895.92
euphemism,an inoffensive expression substituted for an offensive one,5937.37
erudite,having or showing profound knowledge,5946.33
vertigo,a reeling sensation; a feeling that you are about to fall,5964.33
baneful,evil or sinister,5976.38
flustered,thrown into a state of agitated confusion,6006.75
dilettante,an amateur engaging in an activity without serious intention,6015.92
pusillanimous,"lacking in courage, strength, and resolution",6028.19
ingrained,deeply rooted; firmly fixed or held,6034.34
proclivity,a natural inclination,6169.74
mercurial,liable to sudden unpredictable change,6241.4
optimum,most desirable possible under a restriction,6281.19
hackneyed,repeated too often; overfamiliar through overuse,6328.25
catalyst,substance that initiates or accelerates a chemical reaction,6417.56
abscond,"run away, often taking something or somebody along",6435.03
equivocate,be deliberately ambiguous or unclear,6438.53
prevaricate,be deliberately ambiguous or unclear,6459.64
recalcitrant,stubbornly resistant to authority or control,6495.13
loafer,a person who is idle and does no work,6502.27
inopportune,not suitable for a purpose,6534.62
quash,declare invalid,6641.06
astringent,tending to draw together or constrict soft organic tissue,6754.89
castigate,inflict severe punishment on,6797.61
fulminate,cause to explode violently and with loud noise,6840.88
profundity,the quality of being physically deep,6844.84
impugn,attack as false or wrong,6856.75
sketchy,giving only major points; lacking completeness,6929.08
plethora,extreme excess,6990.54
obloquy,state of disgrace resulting from public abuse,7011.27
striate,marked with stripes,7078.43
dumbfound,be a mystery or bewildering to,7116.78
lethargic,deficient in alertness or activity,7265.48
chary,characterized by great caution,7296.87
refurbish,improve the appearance or functionality of,7319.46
aspersion,a disparaging remark,7342.19
predisposition,an inclination to interpret statements in a particular way,7401.95
extempore,with little or no preparation or forethought,7538.83
prescience,the power to foresee the future,7548.45
abstemious,marked by temperance in indulgence,7558.1
nadir,the lowest point of anything,7700.88
fracas,a noisy quarrel,7736.15
iconoclast,someone who attacks cherished ideas or institutions,7766.64
saturnine,bitter or scornful,7828.36
ebullient,joyously unrestrained,7870.05
exculpate,pronounce not guilty of criminal charges,7912.19
zealot,a fervent and even militant proponent of something,7928.1
ambivalent,uncertain or unable to decide about what course to follow,7954.78
recondite,difficult to understand,8008.66
jamb,a vertical side piece of a door or window frame,8041.35
zephyr,a slight wind,8052.3
paucity,an insufficient quantity or number,8312.75
offal,viscera and trimmings of a butchered animal,8383.49
antediluvian,of or relating to the period before the biblical flood,8431.32
overweening,presumptuously arrogant,8449.4
circumlocution,an indirect way of expressing something,8461.49
preen,clean with one's bill,8461.49
tyro,someone new to a field or activity,8461.49
gavel,a small mallet used by a presiding officer or a judge,8497.99
diatribe,thunderous verbal attack,8578.15
heterodox,characterized by departure from accepted standards,8762.54
lackluster,not having brilliance or vitality,8775.54
squelch,suppress or crush completely,8874.36
conifer,a type of tree or shrub bearing cones,9030.27
obstreperous,noisily and stubbornly defiant,9285.61
gaffe,a socially awkward or tactless act,9307.54
obliquity,the quality of being deliberately vague or deceptive,9351.72
opprobrious,expressing offensive reproach,9388.86
apocryphal,being of questionable authenticity,9396.32
veracious,habitually speaking the truth,9479.2
bellicose,having or showing a ready disposition to fight,9610.2
agog,highly excited,9618.01
misanthrope,someone who dislikes people in general,9673.1
stickler,someone who insists on something,9916.53
equivocation,intentional vagueness or ambiguity,9941.55
olfactory,of or relating to the sense of smell,9949.91
euphoria,a feeling of great elation,9983.53
ostracism,the act of excluding someone from society by general consent,10059.99
impecunious,not having enough money to pay for necessities,10120.27
chicanery,the use of tricks to deceive someone,10155.05
gullible,naive and easily deceived or tricked,10181.28
inauspicious,boding ill,10198.85
odoriferous,"emitting a smell, especially an unpleasant smell",10368.82
demote,assign to a lower position; reduce in rank,10442.09
disabuse,free somebody from an erroneous belief,10658.63
martinet,someone who demands exact conformity to rules and forms,10726.33
quintessential,representing the perfect example of a class or quality,10765.4
opportunist,a person who places expediency above principle,10844.4
desiccate,lacking vitality or spirit; lifeless,10894.37
intransigent,"impervious to pleas, persuasion, requests, or reason",10924.58
barefaced,with no effort to conceal,11016.2
quiescence,a state of quiet but possibly temporary)inaction,11057.42
onus,a burdensome or difficult concern,11067.77
misnomer,an incorrect or unsuitable name,11119.82
orison,reverent petition to a deity,11182.94
ornithologist,a zoologist who studies feathered animals,11398.6
ethos,the distinctive spirit of a culture or an era,11773.22
minuscule,very small,11808.5
feckless,generally incompetent and ineffectual,11820.31
interregnum,the time between two reigns or governments,12024.71
suborn,incite to commit a crime or an evil deed,12211.03
posit,take as a given; assume as a postulate or axiom,12223.66
opalescent,having a play of lustrous rainbow colors,12338.49
oculist,a person skilled in testing for defects of vision,12442.38
cadge,obtain or seek to obtain by wheedling,12792.46
turpitude,a corrupt or depraved or degenerate act or practice,12862.06
tangential,of superficial relevance if any,12946.58
gauche,lacking social poise or refinement,13206.93
peccadillo,a petty misdeed,13221.71
improvidence,"a lack of prudence, care, or foresight",13371.26
discrete,constituting a separate entity or part,13602.05
ostracize,expel from a community or group,13728.42
inchoate,only partly in existence; imperfectly formed,13889.73
obstetrician,a physician specializing in childbirth,13938.87
outmoded,no longer in fashion,13971.82
omnivorous,feeding on both plants and animals,13988.35
convoluted,highly complex or intricate,14206.9
macerate,soften and cause to disintegrate as a result,14397.24
foppish,overly concerned with extreme elegance in dress and manner,15212.47
obsidian,glass formed by the cooling of lava without crystallization,15370.71
mendacious,given to lying,15552.72
rotundity,the roundness of a 3-dimensional object,15573.21
optician,a worker who makes glasses for remedying defects of vision,15614.36
objurgate,censure severely,15676.48
oaf,"an awkward, foolish person",17305.99
bilk,"cheat somebody out of what is due, especially money",17828.01
objurgation,rebuking a person harshly,17990.82
egalitarian,favoring social equality,18212.57
adumbrate,describe roughly or give the main points or summary of,20994.45
finicky,"fussy, especially about details",21220.59
obfuscate,make obscure or unclear,21297.06
vituperative,marked by harshly abusive criticism,21335.5
molt,"cast off hair, skin, horn, or feathers",21929.22
dichotomy,a classification into two opposed parts or subclasses,22259.59
mettlesome,"having a proud, courageous, and unbroken spirit",23085.59
truculence,stubborn and defiant aggressiveness,23267.36
calisthenics,light exercises designed to promote general fitness,23592.44
aberrant,markedly different from an accepted norm,25639.42
epistemology,the philosophical theory of knowledge,30229.42
misogynist,a misanthrope who dislikes women in particular,30463.14
emollient,a substance with a soothing effect when applied to the skin,32741.47
disassemble,take apart,36706.93
quotidian,found in the ordinary course of events,38127.81
aesthete,one who professes great sensitivity to the beauty of art,38375.39
mollycoddle,treat with excessive indulgence,39008.63
congruent,corresponding in character or kind,39796.66
conflate,mix together different elements,55752.47
ligneous,consisting of or resembling wood,58512.44
optometrist,a person skilled in testing for defects of vision,61240.95
analgesic,capable of relieving pain,66030.67
malingerer,someone shirking duty by feigning illness or incapacity,68717.92
onomatopoeia,using words that imitate the sound they denote,72512.11
orotund,overly formal and pompous in style,72959.71
limerick,a humorous rhymed verse form of five lines,93805.05
polymath,a person of great and varied learning,107449.28
faddish,intensely fashionable or popular for a short time,117023.88
malapropism,misuse of a word by confusion with one that sounds similar,134311.35
,,
repose,freedom from activity,265.21
vex,"disturb, especially by minor irritations",282.28
assail,attack someone physically or emotionally,317.8
sublime,of high moral or intellectual value,320.67
obstinate,marked by tenacious unwillingness to yield,338.91
prudence,discretion in practical affairs,358.84
propriety,correct behavior,440.15
precipitate,bring about abruptly,506.9
lavish,very generous,520.74
rhetoric,study of the technique for using language effectively,520.85
lumber,the wood of trees prepared for use as building material,602.31
yoke,a wooden frame across the shoulders for carrying buckets,611.31
impetuous,characterized by undue haste and lack of thought,633.22
grievous,causing or marked by grief or anguish,634.68
pervade,spread or diffuse through,643.46
insurrection,organized opposition to authority,646.09
deride,treat or speak of with contempt,650.56
abate,become less in amount or intensity,655.45
iniquity,absence of moral or spiritual values,661.52
inter,place in a grave or tomb,665.87
wanton,a lewd or immoral person,684.24
chaos,formless state of matter before the creation of the cosmos,698.18
deference,courteous regard for people's feelings,698.55
approbation,official acceptance or agreement,715.29
rustic,characteristic of rural life,716.19
mar,cause to become imperfect,767.09
languid,lacking spirit or liveliness,767.99
indolent,disinclined to work or exertion,799.82
abyss,a bottomless gulf or pit,814.5
blight,any plant disease resulting in withering without rotting,825.79
repudiate,"refuse to acknowledge, ratify, or recognize as valid",995.22
arbitrate,act between parties with a view to reconciling differences,1000.35
furtive,secret and sly,1024.67
listless,lacking zest or vivacity,1026.98
ostentation,pretentious or showy or vulgar display,1028.32
wan,"pale, as of a person's complexion",1061.12
fawn,a young deer,1071.59
prodigal,recklessly wasteful,1115.08
dilate,become wider,1136.71
whimsical,determined by chance or impulse rather than by necessity,1140.21
sanguine,confidently optimistic and cheerful,1157.83
redress,make reparations or amends for,1165.23
calumny,a false accusation of an offense,1200.93
pallid,"pale, as of a person's complexion",1209.52
inexorable,"impossible to prevent, resist, or stop",1240.18
ford,cross a river where it's shallow,1250.66
repast,the food served and eaten at one time,1251.19
embellish,"make more attractive, as by adding ornament or color",1259.18
ardor,feelings of great warmth and intensity,1273.4
edify,make understand,1293.43
estimable,deserving of respect or high regard,1312.07
ingenuous,lacking in sophistication or worldliness,1314.69
capricious,determined by chance or impulse rather than by necessity,1316.6
stolid,having or revealing little emotion or sensibility,1317.33
corroborate,give evidence for,1334.41
bolster,support and strengthen,1343.19
ostensible,appearing as such but not necessarily so,1349.62
pedant,a person who is preoccupied with rules and learning,1363.14
craven,lacking even the rudiments of courage; abjectly fearful,1366.6
vestige,an indication that something has been present,1369.29
droll,comical in an odd or whimsical manner,1373.1
reticent,reluctant to draw attention to yourself,1374.54
dupe,fool or hoax,1382.41
intrepid,invulnerable to fear or intimidation,1387.92
guile,shrewdness as demonstrated by being skilled in deception,1399.9
eulogy,a formal expression of praise for someone who has died,1415.98
tacit,implied by or inferred from actions or statements,1418.35
blithe,carefree and happy and lighthearted,1450.16
monastic,relating to life in an isolated religious community,1469.05
sedition,an illegal action inciting resistance to lawful authority,1472.89
stratagem,an elaborate or deceitful scheme to deceive or evade,1482.86
parry,impede the movement of,1495.79
surly,unfriendly and inclined toward anger or irritation,1518.83
alacrity,liveliness and eagerness,1532
inundate,"fill or cover completely, usually with water",1555.56
supplant,take the place or move into the position of,1568.96
hapless,unfortunate and deserving pity,1580.91
politic,"marked by artful prudence, expedience, and shrewdness",1585.57
profligate,unrestrained by convention or morality,1599.72
engender,call forth,1631.25
abdicate,"give up power, duties, or obligations",1648.06
exigent,demanding immediate attention,1652.43
ignoble,dishonorable in character or purpose,1654.51
sagacious,acutely insightful and wise,1663.35
august,profoundly honored,1688.51
parley,a negotiation between enemies,1692.61
licentious,lacking moral discipline,1693.34
livid,furiously angry,1695.52
wily,marked by skill in deception,1695.77
vicissitude,a variation in circumstances or fortune,1701.38
inculcate,teach and impress by frequent repetitions or admonitions,1718.17
nettle,plant having stinging hairs that cause skin irritation,1725.94
garner,assemble or get together,1731.75
requite,make repayment for or return something,1807.13
erratic,liable to sudden unpredictable change,1817.12
voluble,marked by a ready flow of speech,1862.9
levity,a manner lacking seriousness,1864.07
tome,a large and scholarly book,1875.89
axiom,a proposition that is not susceptible of proof or disproof,1886.36
naive,marked by or showing unaffected simplicity,1886.66
veracity,unwillingness to tell lies,1890.88
imbue,spread or diffuse through,1899.99
caustic,capable of destroying or eating away by chemical action,1903.35
inquest,an investigation into the cause of an unexpected death,1905.5
plebeian,of or associated with the great masses of people,1907.34
demur,politely refuse or take exception to,1921.9
pungent,strong and sharp to the sense of taste or smell,1948.81
connoisseur,an expert able to appreciate a field,1963.69
elegy,a mournful poem; a lament for the dead,2023.47
salient,"conspicuous, prominent, or important",2023.82
propitiate,make peace with,2029.37
jargon,technical terminology characteristic of a particular subject,2033.91
upbraid,express criticism towards,2043.39
verdant,characterized by abundance of vegetation and green foliage,2144.12
disparate,fundamentally different or distinct in quality or kind,2144.9
coffer,"the funds of a government, institution, or individual",2149.57
gradation,relative position in a ranked series,2157.02
sardonic,disdainfully or ironically humorous,2184.5
forestall,keep from happening or arising; make impossible,2194.23
imperturbable,marked by extreme calm and composure,2194.23
burnish,polish and make shiny,2239.93
exponent,notation of how many times to multiply a quantity by itself,2242.9
potentate,"a powerful ruler, especially one who is unconstrained by law",2251.01
dissemble,behave unnaturally or affectedly,2283.6
invective,abusive language used to express blame or censure,2300.48
sully,make dirty or spotty,2357.32
desultory,"marked by lack of definite plan, purpose, or enthusiasm",2359.67
prattle,speak about unimportant matters rapidly and incessantly,2371.5
florid,elaborately or excessively ornamented,2384.89
taciturn,habitually reserved and uncommunicative,2407.21
plucky,showing courage,2413.6
obsequious,attempting to win favor from influential people by flattery,2498.74
transitory,lasting a very short time,2528.11
distend,cause to expand as if by internal pressure,2543.33
glib,artfully persuasive in speech,2543.88
rejoinder,a quick reply to a question or remark,2553.22
insipid,lacking interest or significance or impact,2558.19
defray,bear the expenses of,2631.02
dictum,an authoritative declaration,2674.45
replete,filled to satisfaction with food or drink,2763.17
abase,cause to feel shame,2768.34
phalanx,any closely ranked crowd of people,2769.64
variegated,having an assortment of colors,2782.67
obviate,do away with,2798.47
proliferate,grow rapidly,2811.11
specious,plausible but false,2838.09
boor,a crude uncouth ill-bred person lacking refinement,2850.4
missive,a written message addressed to a person or organization,2866.98
imprecation,the act of calling down a curse that invokes evil,2869.07
demagogue,a leader who seeks support by appealing to popular passions,2872.55
obdurate,stubbornly persistent in wrongdoing,2891.51
limpid,clear and bright,2896.47
grovel,show submission or fear,2912.88
foment,try to stir up,2929.47
restive,in a very tense state,2933.83
assuage,"provide physical relief, as from pain",2941.13
perfunctory,hasty and without attention to detail; not thorough,2985.67
deface,mar or spoil the appearance of,2999.3
officious,intrusive in a meddling or offensive manner,3001.59
abjure,formally reject or disavow a formerly held belief,3003.11
cabal,a clique that seeks power usually through intrigue,3013.82
machination,a crafty and involved plot to achieve your ends,3026.94
mendicant,a pauper who lives by begging,3028.49
usury,the act of lending money at an exorbitant rate of interest,3033.15
talon,a sharp hooked claw especially on a bird of prey,3055.09
fallow,left unplowed and unseeded during a growing season,3081.35
panegyric,formally expressing praise,3168.87
winsome,charming in a childlike or naive way,3181.65
epicure,a person devoted to refined sensuous enjoyment,3193.68
ingratiate,gain favor with somebody by deliberate efforts,3213.64
declivity,a downward slope or bend,3222.4
garrulous,full of trivial conversation,3222.4
idiosyncrasy,a behavioral attribute peculiar to an individual,3312.66
gambol,play or run boisterously,3321.96
condone,"excuse, overlook, or make allowances for",3330.38
perfidious,tending to betray,3367.37
polemic,"a verbal or written attack, especially of a belief or dogma",3391.51
penury,a state of extreme poverty or destitution,3397.35
glower,look angry or sullen as if to signal disapproval,3404.2
mollify,cause to be more favorably inclined,3405.18
fatuous,devoid of intelligence,3416.99
dyspeptic,suffering from indigestion,3473.18
dirge,a song or hymn of mourning as a memorial to a dead person,3476.25
belfry,a tower in which bells are hung,3561.03
apostate,not faithful to religion or party or cause,3579.36
eclectic,selecting what seems best of various styles or ideas,3621
contrite,feeling or expressing pain or sorrow,3636.59
torpor,a state of motor and mental inactivity,3656.83
itinerant,traveling from place to place to work,3680.74
effrontery,audacious behavior that you have no right to,3735.38
cupidity,extreme greed for material wealth,3756.74
recant,formally reject or disavow a formerly held belief,3779.55
knell,the sound of a bell rung slowly to announce a death,3791.67
inure,cause to accept or become hardened to,3895.34
puerile,displaying or suggesting a lack of maturity,3901.76
gratis,costing nothing,3906.92
anachronism,locating something at a time when it couldn't have existed,3922.47
quiescent,being quiet or still or inactive,3996.71
libertine,unrestrained by convention or morality,4026.65
tawdry,tastelessly showy,4048.71
tirade,a speech of violent denunciation,4082.25
irascible,quickly aroused to anger,4097.81
aggrandize,"embellish; increase the scope, power, or importance of",4161.26
circumspect,careful to consider potential consequences and avoid risk,4243.39
surfeit,indulge (one's appetite) to satiety,4243.39
pristine,immaculately clean and unused,4267.9
inimical,tending to obstruct or cause harm,4274.07
paragon,a perfect embodiment of a concept,4289.57
mores,the conventions embodying the fundamental values of a group,4319.35
exonerate,pronounce not guilty of criminal charges,4359.15
lugubrious,excessively mournful,4370.43
probity,complete and confirmed integrity,4406.26
scintilla,a tiny or scarcely detectable amount,4406.26
catholic,comprehensive or broad-minded in tastes and interests,4407.9
coterie,an exclusive circle of people with a common purpose,4434.35
augury,an event indicating important things to come,4479.71
banal,repeated too often; overfamiliar through overuse,4510.47
vernal,suggestive of youth; vigorous and fresh,4534.68
prescient,perceiving the significance of events before they occur,4587.46
gregarious,temperamentally seeking and enjoying the company of others,4693.06
invidious,containing or implying a slight or showing prejudice,4702.4
opprobrium,a state of extreme dishonor,4709.89
umbrage,a feeling of anger caused by being offended,4715.52
encomium,a formal expression of praise,4788.08
phlegmatic,showing little emotion,4823.24
fortuitous,lucky; occurring by happy chance,4825.21
lassitude,a feeling of lack of interest or energy,4854.93
abeyance,temporary cessation or suspension,4862.91
quixotic,not sensible about practical matters,4885.01
bevy,a flock of birds,4907.31
opine,express one's view openly and without fear or hesitation,4929.82
slake,"satisfy, as thirst",4944.25
intractable,difficult to manage or mold,4950.46
pugilism,boxing with bare hands,4971.27
overwrought,deeply agitated especially from emotion,4981.75
maudlin,very sentimental or emotional,5000.71
burgeon,grow and flourish,5041.22
sportive,given to merry frolicking,5041.22
nascent,being born or beginning,5078.02
sentient,endowed with feeling and unstructured consciousness,5160.02
hyperbole,extravagant exaggeration,5166.78
lampoon,ridicule with satire,5230.78
coalesce,fuse or cause to come together,5284.55
nuance,a subtle difference in meaning or opinion or attitude,5289.28
innocuous,not injurious to physical or mental health,5337.03
palatial,relating to or being a large and stately residence,5339.44
trenchant,having keenness and forcefulness and penetration in thought,5400.41
malediction,the act of calling down a curse that invokes evil,5407.82
sycophant,a person who tries to please someone to gain an advantage,5425.19
larceny,the act of taking something from someone unlawfully,5460.27
vituperate,spread negative information about,5506.04
impasse,a situation in which no progress can be made,5602.57
pithy,concise and full of meaning,5634.61
pariah,a person who is rejected from society or home,5688.83
collusion,secret agreement,5727.41
wraith,"a ghostly figure, especially one seen shortly before death",5783.44
noisome,causing or able to cause nausea,5823.32
crescendo,a gradual increase in loudness,5922.5
dilatory,wasting time,5934.39
euphemism,an inoffensive expression substituted for an offensive one,5937.37
erudite,having or showing profound knowledge,5946.33
neophyte,a participant with no experience with an activity,5964.33
dilettante,an amateur engaging in an activity without serious intention,6015.92
pusillanimous,"lacking in courage, strength, and resolution",6028.19
fecund,capable of producing offspring or vegetation,6140.9
hermetic,completely sealed or airtight,6160.1
proclivity,a natural inclination,6169.74
ribald,humorously vulgar,6189.12
fetid,offensively malodorous,6251.3
distaff,a stick on which wool or flax is wound before spinning,6355.47
catalyst,substance that initiates or accelerates a chemical reaction,6417.56
multifarious,having many aspects,6417.56
acme,the highest point of something,6424.54
sinecure,a job that involves minimal duties,6495.13
stentorian,very loud or booming,6644.79
antagonize,provoke the hostility of,6727.98
castigate,inflict severe punishment on,6797.61
fractious,easily irritated or annoyed,6848.8
impugn,attack as false or wrong,6856.75
sybarite,a person addicted to luxury and pleasures of the senses,6920.97
plethora,extreme excess,6990.54
arrogate,seize and take control without authority,7086.92
panoply,a complete and impressive array,7159.88
abstemious,marked by temperance in indulgence,7558.1
maelstrom,a powerful circular current of water,7567.78
investiture,the ceremonial promotion of a person to an office or rank,7685.86
wizened,lean and wrinkled by shrinkage as from age or illness,7715.95
ebullient,joyously unrestrained,7870.05
exculpate,pronounce not guilty of criminal charges,7912.19
moribund,being on the point of death,7944.09
zephyr,a slight wind,8052.3
tyro,someone new to a field or activity,8461.49
sobriquet,a familiar name for a person,8491.88
unconscionable,greatly exceeding bounds of reason or moderation,8559.52
diatribe,thunderous verbal attack,8578.15
bombastic,ostentatiously lofty in style,9023.37
rococo,having excessive asymmetrical ornamentation,9092.78
toady,a person who tries to please someone to gain an advantage,9227.63
militate,have force or influence; bring about an effect or change,9300.22
euphony,any pleasing and harmonious sounds,9366.54
apocryphal,being of questionable authenticity,9396.32
gestation,the period during which an embryo develops,9586.82
doctrinaire,a stubborn person of arbitrary or arrogant opinions,9594.6
turgid,ostentatiously lofty in style,9866.87
impecunious,not having enough money to pay for necessities,10120.27
chicanery,the use of tricks to deceive someone,10155.05
seraphic,having a sweet nature befitting an angel,10198.85
frenetic,fast and energetic in an uncontrolled or wild way,10341.6
vim,a healthy capacity for vigorous activity,10377.92
anodyne,capable of relieving pain,10535.15
diaphanous,so thin as to transmit light,10620.33
disabuse,free somebody from an erroneous belief,10658.63
ingrate,a person who shows no thankfulness or appreciation,10706.9
jettison,"throw away, of something encumbering",10765.4
desiccate,lacking vitality or spirit; lifeless,10894.37
intransigent,"impervious to pleas, persuasion, requests, or reason",10924.58
accretion,an increase by natural growth or addition,11140.78
ossify,become bony,11464.93
verbose,using or containing too many words,11476.06
peregrinate,"travel around, through, or over, especially on foot",11714.89
interregnum,the time between two reigns or governments,12024.71
posit,take as a given; assume as a postulate or axiom,12223.66
peripatetic,traveling especially on foot,12416.24
solecism,a socially awkward or tactless act,12764.83
myopic,unable to see distant objects clearly,12848.08
tangential,of superficial relevance if any,12946.58
peccadillo,a petty misdeed,13221.71
curmudgeon,"an irascible, cantankerous person full of stubborn ideas",13251.35
meretricious,tastelessly showy,13401.58
expurgate,edit by omitting or modifying parts considered indelicate,13696.61
inchoate,only partly in existence; imperfectly formed,13889.73
legerdemain,an illusory feat,14071.61
convoluted,highly complex or intricate,14206.9
lapidary,relating to precious stones or the art of working with them,14719.94
cloying,overly sweet,15865.85
bonhomie,a disposition to be friendly and approachable,15908.55
dither,be undecided or uncertain,16371.24
contumacious,willfully obstinate; stubbornly disobedient,16462.44
amortize,pay off a debt by making periodic payments,17205.24
bilk,"cheat somebody out of what is due, especially money",17828.01
sacrosanct,treated as if holy and kept free from violation or criticism,17828.01
raconteur,a person skilled in telling anecdotes,18353.97
philistine,a person who is uninterested in intellectual pursuits,19126.1
leery,openly distrustful and unwilling to confide,19472.68
lionize,assign great social importance to,19798.84
canard,a deliberately misleading fabrication,19999.83
panache,distinctive and stylish elegance,20414.32
pastiche,a work of art that imitates the style of some previous work,21848.15
malinger,"avoid responsibilities and duties, often by faking illness",21888.61
molt,"cast off hair, skin, horn, or feathers",21929.22
lachrymose,showing sorrow,23221.65
lissome,moving and bending with ease,23267.36
aberrant,markedly different from an accepted norm,25639.42
ersatz,an artificial or inferior substitute or imitation,25977.51
occlude,block passage through,27297.33
cosset,treat with excessive indulgence,27876.73
chauvinist,a person with a prejudiced belief in his own superiority,33674.25
syncopation,a musical rhythm accenting a normally weak beat,37285.89
quotidian,found in the ordinary course of events,38127.81
pejorative,expressing disapproval,38500.38
acidulous,being sour to the taste,40617.19
spartan,unsparing and uncompromising in discipline or judgment,44941.35
perspicacious,mentally acute or penetratingly discerning,47468.11
stasis,inactivity resulting from a balance between opposing forces,48841.13
neologism,a newly invented word or phrase,49248.13
aerie,"the lofty nest of a bird of prey, such as a hawk or eagle",56824.61
pulchritude,"physical beauty, especially of a woman",68717.92
orotund,overly formal and pompous in style,72959.71
precis,a sketchy summary of the main points of an argument,76749.77
analgesia,absence of the sense of pain without loss of consciousness,139051.71